model,cv_f1,accuracy,precision,recall,f1_score,roc_auc
SVM,1.0,0.9999316566429743,0.9998630324613067,1.0,0.9999315115403055,1.0
Random Forest,0.9999657504923366,0.9998633132859486,1.0,0.9997260273972602,0.9998629949308124,1.0
Decision Tree,0.9999315009844021,0.9997949699289229,1.0,0.9995890410958904,0.9997944783174625,0.9997945205479453
Logistic Regression,0.9999486274978673,0.9997949699289229,1.0,0.9995890410958904,0.9997944783174625,0.9998875449334499
